DisplayName,UserPrincipalName,Id,Department
"AGNALDO FERREIRA MARTINS","afm1812@externo.henryscheinbr.com.br","098a65f6-a384-43d9-bfd5-b860aecc3cf0","MA111"
"AMAURI MAZIERO JUNIOR","dentalmazzjp@externo.henryscheinbr.com.br","be7d4327-ceec-48ee-89a4-85602540e733","MA111"
"ANDREA CRISTINA ALEVATO DE CAMPOS","contatodentalup@externo.henryscheinbr.com.br","eec5b5e7-1dff-47f8-80c7-cfd06451a596","MA111"
"BALTAZAR PAULO RABELO","rabelomarketing@externo.henryscheinbr.com.br","e9cfbd53-1963-4e26-9fe3-3f85f53c4bfd","MA111"
"BARBARA GONCALVES COELHO MARTINS","dentalvida@externo.henryscheinbr.com.br","8e7ed51d-4297-4492-af5d-c12de894581c","MA111"
"Cassiano Chaves","consultorchaves07@externo.henryscheinbr.com.br","39275141-5b03-47e7-9a6f-ead3eaa77785","MA111"
"Cefas Martins Cabral","cefascabral@externo.henryscheinbr.com.br","604c4e07-5ab2-48bf-8841-f6e160d766f4","MA111"
"CLAUDIO ALESSANDRO BEZERRA DE CARVALHO","dentalphdvendas@externo.henryscheinbr.com.br","36ccccad-fada-4953-83cf-1e822440d9f6","MA111"
"CONRADO VIEIRA DA CUNHA KERSTING","conrado@externo.henryscheinbr.com.br","c062abce-27bd-4056-9011-e07ced513275","MA111"
"DEISE MARIA FACCHINELLO CAPPELLARI","cappellarir@externo.henryscheinbr.com.br","fa221230-1d71-432a-aaed-dc7b65cbc1bc","MA111"
"Deize Barbi Da Silva","deize.barbi@externo.henryscheinbr.com.br","f13d0f37-7d8b-40b8-bf8d-350efbee23a4","MA111"
"Diego Scarano","vitadental.adm@externo.henryscheinbr.com.br","4017cb93-8cf2-48a2-8537-cd693ef53e06","MA111"
"EDIMILSON SILVA PEIXOTO","dentalpeixoto22@externo.henryscheinbr.com.br","1d9a492a-8bb3-403d-acc9-329b70f05a81","MA111"
"Edison de Aragão Bevilaqua","edison.aragao@externo.henryscheinbr.com.br","47750ab3-8b73-4602-81c3-bcd7d7d6276f","MA111"
"EDUARDO CARREGOSA SANTOS","dentalcarregosa@externo.henryscheinbr.com.br","e07277e4-aa92-44e0-9956-b2fa90bc0952","MA111"
"ELIZEU GOMES BARBOSA","dentalpremiumdf@externo.henryscheinbr.com.br","6e126670-7c82-47ef-946b-ab704ac0e875","MA111"
"FÁBIO PELLEGRINI","vendas@externo.henryscheinbr.com.br","3068b49e-f102-45bd-97eb-c886ac51250f","MA111"
"Felipe Afonso Moreira Almeida","felipeafonsoma1@externo.henryscheinbr.com.br","cfd3ba67-594c-433a-a344-f0690c20c02a","MA111"
"Francielly de Alencar Zonta Machado","franzonta@externo.henryscheinbr.com.br","10eab89d-650e-4f53-961e-5fef90a8a375","MA111"
"Gerson Guimaraes Barbosa","gersondental@externo.henryscheinbr.com.br","9c91ac5c-72c4-46b2-af64-709c1c982b95","MA111"
"ISMAR FERNANDES DE CARVALHO","dentaltangara@externo.henryscheinbr.com.br","4005bd81-4605-4df9-97c3-4970d65380f5","MA111"
"Itallo Soares Chaves","contato.dentalmar@externo.henryscheinbr.com.br","4e03fb0c-caa6-41d5-a139-3778c9e8d1d8","MA111"
"IVANILDA MARIA DE OLIVEIRA MENDES","dentalexpresscgpb@externo.henryscheinbr.com.br","b6c1041a-e337-4ddc-80ef-2b7576e6b1fb","MA111"
"J. S. NUNES LTDA","hospitamed@externo.henryscheinbr.com.br","ea5ca3cc-e619-4405-9610-3ab8f82e70d0","MA111"
"Jackson Vorpagel de Melo","j_vorpagel@externo.henryscheinbr.com.br","d56f3f6a-b4c8-4622-beb1-1474a61af87a","MA111"
"JOSE HONORIO DOMINGUES","cleiton_hd@externo.henryscheinbr.com.br","4c57548f-44ea-4718-885a-70b781d08d46","MA111"
"JOSE MARIA FERREIRA NETO","joseneto.odontotece@externo.henryscheinbr.com.br","476fcdf9-35cf-4456-81cf-43a29ce85ffc","MA111"
"Juliano Trevisan","j.trevisan@externo.henryscheinbr.com.br","901ae536-cbb3-4254-8c6f-6bf87b96da62","MA111"
"JUSSARA TEVANIA NUNES","hospitamed.j@externo.henryscheinbr.com.br","00476951-7087-4a5f-8278-08becd74fc8b","MA111"
"Kenya","kenya@externo.henryscheinbr.com.br","9c19fd7d-c327-45ca-82dd-8a3d67a13e1c","MA111"
"Lecir Paulo","lecirpaulo@externo.henryscheinbr.com.br","9499836e-dc25-4bdf-ad13-54636e20253e","MA111"
"LOURDES PEREIRA VIANA","lurdinha.viana@externo.henryscheinbr.com.br","6397aa10-974b-45f1-94ef-b58f37552b34","MA111"
"LUCIANA PEREIRA MARTINS","lmrepresentacoesevendas@externo.henryscheinbr.com.br","f7e45ed0-b5e9-4476-9375-e0b1a47f7aab","MA111"
"Luiz Carlos Bergamasco","bergarj@externo.henryscheinbr.com.br","4a431e7f-7861-49a1-bfbf-431f0e75d7db","MA111"
"MARCEL LATTARI DA ROCHA","marcel.lattari@externo.henryscheinbr.com.br","1eb152d1-efba-47d6-82e2-eb8a7d5d72be","MA111"
"MARIA BEATRIZ SBRAVATTI FRANCOSO LEITE DA SILVA","silvadent76@externo.henryscheinbr.com.br","f8db5bcd-cb9c-47c7-af5e-b39c6857f072","MA111"
"NEUSA SANTANA PEREIRA","scsolucoesltda@externo.henryscheinbr.com.br","4a5bc6b2-98bd-4a51-9b9c-6cf642e73be6","MA111"
"NEUSA SANTANA PEREIRA","anafrancodra@externo.henryscheinbr.com.br","7a42e37d-af71-4f9e-92ea-7461037b20bf","MA111"
"Oderlan Lima cavalcantti","olc88@externo.henryscheinbr.com.br","2e0368bf-e828-4538-a74b-b23cc1e2bfb1","MA111"
"Paulo Cesar José Vieira","pauloc.venda@externo.henryscheinbr.com.br","d38f3a55-124e-4bcb-99ec-dc9714442c19","MA111"
"Rafael Barreto Bezerra","rafa.bar27@externo.henryscheinbr.com.br","aa2c1ac3-4e69-429c-8eb9-66326bac5643","MA111"
"RAFAEL DE SOUSA MACEDO","odontopharma25@externo.henryscheinbr.com.br","5387fdd7-6caa-49a4-aabd-a12b3cdc5f68","MA111"
"RAFAEL RIBEIRO GOMES","gomesdistribuidora@externo.henryscheinbr.com.br","c012175d-1d33-4721-b73e-200094429b62","MA111"
"RENATO AUGUSTO MARTINS DINIZ","jaimedentalreal@externo.henryscheinbr.com.br","52921b0e-62c0-4a7f-9353-db492847f6f3","MA111"
"Roberta Machado de Oliveira Antonio","dentalluk@externo.henryscheinbr.com.br","d20b44d2-41f1-4ce4-b288-7175a84e8818","MA111"
"S & J ORTHODONTICS LTDA","sjortodontia@externo.henryscheinbr.com.br","0014d201-9fab-46ce-ab50-e3f52954e278","MA111"
"SAMUEL MARINHO SILVA","veraoadm@externo.henryscheinbr.com.br","51f1d068-3d4e-4669-841c-2eba0585af81","MA111"
"Sergio Alexandre","alexendovirtual@externo.henryscheinbr.com.br","fa8cada1-bf89-4f9c-b1c8-0a821fbf7a6d","MA111"
"Sidilene de Souza Oliveira","ortho.total@externo.henryscheinbr.com.br","cea976e7-3232-4cdd-a90c-27f06c5d750f","MA111"
"Silvia Bastos Ltda","saudedentalsergipe@externo.henryscheinbr.com.br","560c60dd-24d8-4b95-88d9-9cfe6ab647c1","MA111"
"Thiago Vinicius Martins","thiagoviniciusmartins@externo.henryscheinbr.com.br","2683f475-bbe8-4c3b-bc3a-d9d5e73dbd01","MA111"
"WESLEY RIBEIRO DE ASSUMPCAO","odontopaz@externo.henryscheinbr.com.br","dee9899a-d8b2-483b-8967-51e56cb99bb5","MA111"
"Wisley da Silva Fernandes","wisley01fernandes@externo.henryscheinbr.com.br","de1798d1-2b63-4279-bf55-ce5d09c176ef","MA111"
